,id,Name
0,0001104,Frank Darabont
1,0000338,Francis Ford Coppola
2,0634240,Christopher Nolan
3,0001486,Sidney Lumet
4,0000229,Steven Spielberg
5,0001392,Peter Jackson
6,0000233,Quentin Tarantino
7,0001466,Sergio Leone
8,0000709,Robert Zemeckis
9,0000399,David Fincher
10,0449984,Irvin Kershner
11,0905154,Lana Wachowski
12,0905152,Lilly Wachowski
13,0000217,Martin Scorsese
14,0001232,Milos Forman
15,0001008,Frank Capra
16,0000041,Akira Kurosawa
17,0001129,Jonathan Demme
18,0576987,Fernando Meirelles
19,0526199,Kátia Lund
20,0000905,Roberto Benigni
21,0000116,James Cameron
22,0000184,George Lucas
23,1690966,Joaquim Dos Santos
24,5358492,Kemp Powers
25,1042511,Justin K. Thompson
26,0594503,Hayao Miyazaki
27,0000591,Roman Polanski
28,0094435,Bong Joon Ho
29,0000033,Alfred Hitchcock
30,0000631,Ridley Scott
31,0021249,Roger Allers
32,0591450,Rob Minkoff
33,0000108,Luc Besson
34,0443411,Tony Kaye
35,3227090,Damien Chazelle
36,0847223,Isao Takahata
37,0462030,Masaki Kobayashi
38,0001741,Bryan Singer
39,0002031,Michael Curtiz
40,0619923,Olivier Nakache
41,0865918,Éric Toledano
42,0000122,Charles Chaplin
43,0868153,Giuseppe Tornatore
44,0006765,Vidhu Vinod Chopra
45,0004056,Andrew Stanton
46,0003697,Florian Henckel von Donnersmarck
47,0000697,Billy Wilder
48,0000040,Stanley Kubrick
49,0751577,Anthony Russo
50,0751648,Joe Russo
51,2130108,Bob Persichetti
52,0709056,Peter Ramsey
53,0745247,Rodney Rothman
54,0005222,Sam Mendes
55,0661791,Park Chan-wook
56,0881279,Lee Unkrich
57,2937122,Adrian Molina
58,0005124,John Lasseter
59,0000583,Wolfgang Petersen
60,0000154,Mel Gibson
61,0680846,Todd Phillips
62,0001814,Gus Van Sant
63,1396121,Makoto Shinkai
64,0386246,Rajkumar Hirani
65,0002045,Stanley Donen
66,0000037,Gene Kelly
67,1701024,Nadine Labaki
68,0004716,Darren Aronofsky
69,0459552,Elem Klimov
70,0549658,Richard Marquand
71,0327273,Michel Gondry
72,0899121,Thomas Vinterberg
73,0000180,David Lean
74,0000080,Orson Welles
75,0000485,Fritz Lang
76,0000361,Brian De Palma
77,0000466,Jean-Pierre Jeunet
78,0487166,Yorgos Lanthimos
79,0898288,Denis Villeneuve
80,0000520,Michael Mann
81,0230032,Pete Docter
82,0677037,Bob Peterson
83,0612322,Robert Mulligan
84,0001351,George Roy Hill
85,1410815,Asghar Farhadi
86,2371802,Thomas Kail
87,0001532,John McTiernan
88,0451148,Aamir Khan
89,1244760,Amole Gupte
90,0005363,Guy Ritchie
91,0001120,Vittorio De Sica
92,0000436,Curtis Hanson
93,0386570,Oliver Hirschbiegel
94,4318159,Nitesh Tiwari
95,0268380,Peter Farrelly
96,1725469,Florian Zeller
97,2676052,Joseph Kosinski
98,0000581,Joseph L. Mankiewicz
99,0006452,Stanley Kramer
100,0001837,Peter Weir
101,0000759,Paul Thomas Anderson
102,0796117,M. Night Shyamalan
103,0868219,Guillermo del Toro
104,0000142,Clint Eastwood
105,0000165,Ron Howard
106,0001053,Ethan Coen
107,0001054,Joel Coen
108,0001379,John Huston
109,0000118,John Carpenter
110,0000416,Terry Gilliam
111,0001402,Terry Jones
112,0836328,John Sturges
113,0000186,David Lynch
114,0281808,Victor Fleming
115,0002030,George Cukor
116,0939992,Sam Wood
117,0574625,James McTeigue
118,0002728,Juan José Campanella
119,0215455,Ronnie Del Carmen
120,1732981,Martin McDonagh
121,0000965,Danny Boyle
122,1218281,Jon Watts
123,0945724,Takashi Yamazaki
124,0640334,Gavin O'Connor
125,0655053,Sergio Pablos
126,3582089,Carlos Martínez López
127,0946734,David Yates
128,0006498,Majid Majidi
129,2588606,Steve McQueen
130,0000500,Richard Linklater
131,0027572,Wes Anderson
132,0943758,William Wyler
133,0006487,Jim Sheridan
134,0001415,Elia Kazan
135,0115669,Clyde Bruckman
136,0000036,Buster Keaton
137,0001047,Michael Cimino
138,1167933,Damián Szifron
139,0004306,George Miller
140,0000005,Ingmar Bergman
141,0715346,Carol Reed
142,0167241,Henri-Georges Clouzot
143,0798899,David Silverman
144,0213450,Dean DeBlois
145,0761498,Chris Sanders
146,0254178,Adam Elliot
147,0003506,James Mangold
148,0083348,Brad Bird
149,0684342,Jan Pinkava
150,1049433,Lenny Abrahamson
151,0654868,Yasujirô Ozu
152,0000814,John G. Avildsen
153,0313623,Terry George
154,0565336,Tom McCarthy
155,0000231,Oliver Stone
156,0003433,Carl Theodor Dreyer
157,4377096,T.J. Gnanavel
158,0440913,Mathieu Kassovitz
159,0001243,William Friedkin
160,0001661,Rob Reiner
161,0893659,Gore Verbinski
162,0896542,King Vidor
163,0000576,Sean Penn
164,0002120,Lasse Hallström
165,0523932,Ernst Lubitsch
166,1463981,Çagan Irmak
167,0000406,John Ford
168,0690597,Gillo Pontecorvo
169,0000601,Harold Ramis
170,0936404,Robert Wise
171,0327944,Alejandro G. Iñárritu
172,0742341,Stuart Rosenberg
173,0853238,Tate Taylor
174,0000076,François Truffaut
175,1723225,Nishikant Kamat
176,0166256,Ron Clements
177,0615780,John Musker
178,0000209,Tim Robbins
179,0000151,Morgan Freeman
180,0348409,Bob Gunton
181,0000008,Marlon Brando
182,0000199,Al Pacino
183,0001001,James Caan
184,0000288,Christian Bale
185,0005132,Heath Ledger
186,0001173,Aaron Eckhart
187,0000134,Robert De Niro
188,0000380,Robert Duvall
189,0000020,Henry Fonda
190,0002011,Lee J. Cobb
191,0000842,Martin Balsam
192,0000553,Liam Neeson
193,0000146,Ralph Fiennes
194,0001426,Ben Kingsley
195,0000704,Elijah Wood
196,0001557,Viggo Mortensen
197,0005212,Ian McKellen
198,0000237,John Travolta
199,0000235,Uma Thurman
200,0000168,Samuel L. Jackson
201,0089217,Orlando Bloom
202,0908919,Eli Wallach
203,0001812,Lee Van Cleef
204,0000158,Tom Hanks
205,0000705,Robin Wright
206,0000641,Gary Sinise
207,0000093,Brad Pitt
208,0001570,Edward Norton
209,0001533,Meat Loaf
210,0000138,Leonardo DiCaprio
211,0330687,Joseph Gordon-Levitt
212,0680983,Elliot Page
213,0000434,Mark Hamill
214,0000148,Harrison Ford
215,0000402,Carrie Fisher
216,0000206,Keanu Reeves
217,0000401,Laurence Fishburne
218,0005251,Carrie-Anne Moss
219,0000501,Ray Liotta
220,0000582,Joe Pesci
221,0000197,Jack Nicholson
222,0001221,Louise Fletcher
223,0077720,Michael Berryman
224,0000228,Kevin Spacey
225,0000071,James Stewart
226,0001656,Donna Reed
227,0000859,Lionel Barrymore
228,0000190,Matthew McConaughey
229,0004266,Anne Hathaway
230,1567113,Jessica Chastain
231,0001536,Toshirô Mifune
232,0793766,Takashi Shimura
233,0875477,Keiko Tsushima
234,0000149,Jodie Foster
235,0000164,Anthony Hopkins
236,0001277,Scott Glenn
237,0000354,Matt Damon
238,0001744,Tom Sizemore
239,1179105,Alexandre Rodrigues
240,1129884,Leandro Firmino
241,0618690,Matheus Nachtergaele
242,0000971,Nicoletta Braschi
243,0134493,Giorgio Cantarini
244,0003817,Michael Clarke Duncan
245,0001556,David Morse
246,0000216,Arnold Schwarzenegger
247,0000157,Linda Hamilton
248,0000411,Edward Furlong
249,4271336,Shameik Moore
250,2794962,Hailee Steinfeld
251,3109964,Brian Tyree Henry
252,0000150,Michael J. Fox
253,0000502,Christopher Lloyd
254,0000670,Lea Thompson
255,0153738,Daveigh Chase
256,0687189,Suzanne Pleshette
257,0997115,Miyu Irino
258,0004778,Adrien Brody
259,0470981,Thomas Kretschmann
260,0277975,Frank Finlay
261,0814280,Song Kang-ho
262,1310525,Lee Sun-kyun
263,1856097,Cho Yeo-jeong
264,0000578,Anthony Perkins
265,0001463,Janet Leigh
266,0587256,Vera Miles
267,0000128,Russell Crowe
268,0001618,Joaquin Phoenix
269,0001567,Connie Nielsen
270,0000111,Matthew Broderick
271,0000460,Jeremy Irons
272,0000469,James Earl Jones
273,0000606,Jean Reno
274,0000198,Gary Oldman
275,0000204,Natalie Portman
276,0000350,Beverly D'Angelo
277,1886602,Miles Teller
278,0799777,J.K. Simmons
279,2552034,Melissa Benoist
280,0413168,Hugh Jackman
281,0424060,Scarlett Johansson
282,0851302,Tsutomu Tatsumi
283,0794186,Ayano Shiraishi
284,0945312,Akemi Yamaguchi
285,0619938,Tatsuya Nakadai
286,0410968,Akira Ishihama
287,0412615,Shima Iwashita
288,0000321,Gabriel Byrne
289,0001590,Chazz Palminteri
290,0000007,Humphrey Bogart
291,0000006,Ingrid Bergman
292,0002134,Paul Henreid
293,0167388,François Cluzet
294,1082477,Omar Sy
295,0494504,Anne Le Ny
296,0002104,Paulette Goddard
297,0074788,Henry Bergman
298,0634159,Philippe Noiret
299,0134073,Enzo Cannavale
300,0041066,Antonella Attili
301,0000038,Grace Kelly
302,0179819,Wendell Corey
303,0000314,Charles Bronson
304,0001012,Claudia Cardinale
305,0000244,Sigourney Weaver
306,0000643,Tom Skerritt
307,0000457,John Hurt
308,5447706,Vikrant Massey
309,10791162,Medha Shankar
310,9744869,Joshi Anantvijay
311,0156039,Virginia Cherrill
312,5681967,Florence Lee
313,0000640,Martin Sheen
314,0004937,Jamie Foxx
315,0910607,Christoph Waltz
316,0001602,Guy Pearce
317,0001592,Joe Pantoliano
318,0123785,Ben Burtt
319,2264184,Elissa Knight
320,0307531,Jeff Garlin
321,0000261,Karen Allen
322,0293550,Paul Freeman
323,0618057,Ulrich Mühe
324,0311476,Martina Gedeck
325,0462407,Sebastian Koch
326,0000034,William Holden
327,0841797,Gloria Swanson
328,0002233,Erich von Stroheim
329,0000018,Kirk Douglas
330,0576127,Ralph Meeker
331,0579663,Adolphe Menjou
332,0000375,Robert Downey Jr.
333,1165110,Chris Hemsworth
334,0749263,Mark Ruffalo
335,2159926,Jake Johnson
336,0001167,Shelley Duvall
337,0515950,Danny Lloyd
338,0000061,Tyrone Power
339,0000017,Marlene Dietrich
340,0001452,Charles Laughton
341,0642988,Jack Oakie
342,0000299,Michael Biehn
343,0001343,Carrie Henn
344,1208167,Diane Kruger
345,0744834,Eli Roth
346,0362766,Tom Hardy
347,0000906,Annette Bening
348,0000301,Thora Birch
349,0000634,Peter Sellers
350,0001715,George C. Scott
351,0001330,Sterling Hayden
352,0158856,Choi Min-sik
353,0949167,Yoo Ji-tae
354,1367246,Kang Hye-jeong
355,5645519,Anthony Gonzalez
356,0305558,Gael García Bernal
357,0000973,Benjamin Bratt
358,0000719,F. Murray Abraham
359,0001371,Tom Hulce
360,0000931,Elizabeth Berridge
361,0000741,Tim Allen
362,0725543,Don Rickles
363,0614165,Cillian Murphy
364,1289434,Emily Blunt
365,0001638,Jürgen Prochnow
366,0344963,Herbert Grönemeyer
367,0921044,Klaus Wennemann
368,0000521,Sophie Marceau
369,0001526,Patrick McGoohan
370,0262635,Chris Evans
371,5939164,Zazie Beetz
372,0559444,Yôji Matsuda
373,0410942,Yuriko Ishida
374,0849100,Yûko Tanaka
375,0000245,Robin Williams
376,0000255,Ben Affleck
377,1126340,Ryunosuke Kamiki
378,4759838,Mone Kamishiraishi
379,6954008,Ryo Narita
380,0000249,James Woods
381,0001527,Elizabeth McGovern
382,0534856,Madhavan
383,1587175,Mona Singh
384,0755403,Yutaka Sada
385,0640307,Donald O'Connor
386,0001666,Debbie Reynolds
387,9862858,Zain Al Rafeea
388,9862859,Yordanos Shiferaw
389,9862860,Boluwatife Treasure Bankole
390,0000995,Ellen Burstyn
391,0001467,Jared Leto
392,0000124,Jennifer Connelly
393,0470385,Aleksey Kravchenko
394,0592500,Olga Mironova
395,0490708,Liubomiras Laucevicius
396,0000349,Joan Cusack
397,0000120,Jim Carrey
398,0000701,Kate Winslet
399,0929489,Tom Wilkinson
400,0586568,Mads Mikkelsen
401,0488917,Thomas Bo Larsen
402,5038871,Annika Wedderkopp
403,0001158,Keir Dullea
404,0516972,Gary Lockwood
405,0843213,William Sylvester
406,0000172,Harvey Keitel
407,0000619,Tim Roth
408,0000514,Michael Madsen
409,0437520,Nobuo Kaneko
410,0385443,Shin'ichi Himori
411,0000564,Peter O'Toole
412,0000027,Alec Guinness
413,0000063,Anthony Quinn
414,0000493,Jack Lemmon
415,0000511,Shirley MacLaine
416,0534045,Fred MacMurray
417,0001072,Joseph Cotten
418,0173827,Dorothy Comingore
419,0000026,Cary Grant
420,0001693,Eva Marie Saint
421,0000051,James Mason
422,0000048,Peter Lorre
423,0927145,Ellen Widmann
424,0484737,Inge Landgut
425,0001571,Kim Novak
426,0000895,Barbara Bel Geddes
427,0001766,Barbara Stanwyck
428,0000064,Edward G. Robinson
429,0000201,Michelle Pfeiffer
430,0000874,Steven Bauer
431,0851582,Audrey Tautou
432,0749363,Rufus
433,1297015,Emma Stone
434,0000353,Willem Dafoe
435,0044073,Lubna Azabal
436,0246386,Mélissa Désormeaux-Poulin
437,0309945,Maxim Gaudette
438,0000546,Matthew Modine
439,0000388,R. Lee Ermey
440,0000352,Vincent D'Onofrio
441,0000532,Malcolm McDowell
442,0535861,Patrick Magee
443,0060988,Michael Bates
444,0000174,Val Kilmer
445,0000799,Edward Asner
446,2973712,Jordan Nagai
447,0001652,John Ratzenberger
448,0000060,Gregory Peck
449,0576345,John Megna
450,0653942,Frank Overton
451,0000056,Paul Newman
452,0000602,Robert Redford
453,0001727,Robert Shaw
454,1818216,Payman Maadi
455,0368689,Leila Hatami
456,4299147,Sareh Bayat
457,0000125,Sean Connery
458,0233145,Alison Doody
459,0592135,Lin-Manuel Miranda
460,5623883,Phillipa Soo
461,1502434,Leslie Odom Jr.
462,0000246,Bruce Willis
463,0000614,Alan Rickman
464,0000889,Bonnie Bedelia
465,0375609,Brigitte Helm
466,0002154,Alfred Abel
467,0297054,Gustav Fröhlich
468,2594301,Darsheel Safary
469,2540053,Tanay Chheda
470,0005458,Jason Statham
471,0334318,Stephen Graham
472,0536009,Lamberto Maggiorani
473,0821543,Enzo Staiola
474,0136794,Lianella Carell
475,2835616,Dean-Charles Chapman
476,1126657,George MacKay
477,0990547,Daniel Mays
478,0001732,Cybill Shepherd
479,0004486,Bruno Ganz
480,0487884,Alexandra Maria Lara
481,0559890,Ulrich Matthes
482,2799219,Sakshi Tanwar
483,0760778,Fatima Sana Shaikh
484,0002231,Gian Maria Volontè
485,0000323,Michael Caine
486,0913822,Ken Watanabe
487,0000054,Marilyn Monroe
488,0000348,Tony Curtis
489,1706767,Jonah Hill
490,3053338,Margot Robbie
491,0701012,Edna Purviance
492,0001067,Jackie Coogan
493,0991810,Mahershala Ali
494,0004802,Linda Cardellini
495,1469236,Olivia Colman
496,0309693,Mark Gatiss
497,0000129,Tom Cruise
498,0000012,Bette Davis
499,0000879,Anne Baxter
500,0001695,George Sanders
501,0000075,Spencer Tracy
502,0000044,Burt Lancaster
503,0001847,Richard Widmark
504,0000438,Ed Harris
505,0001473,Laura Linney
506,0000358,Daniel Day-Lewis
507,0200452,Paul Dano
508,0001354,Ciarán Hinds
509,0607865,Emily Mortimer
510,0000232,Sharon Stone
511,0855417,Akira Terao
512,0628704,Jinpachi Nezu
513,0000554,Sam Neill
514,0000368,Laura Dern
515,0000156,Jeff Goldblum
516,0005286,Haley Joel Osment
517,0001057,Toni Collette
518,1419440,Ivana Baquero
519,0317725,Ariadna Gil
520,0530365,Sergi López
521,0000432,Gene Hackman
522,0000169,Tommy Lee Jones
523,0000849,Javier Bardem
524,0000982,Josh Brolin
525,0404158,Walter Huston
526,0392529,Tim Holt
527,0867391,Eijirô Tôno
528,0000621,Kurt Russell
529,0000979,Wilford Brimley
530,0202966,Keith David
531,0001016,David Carradine
532,0000435,Daryl Hannah
533,0001037,Graham Chapman
534,0000092,John Cleese
535,0001385,Eric Idle
536,0000537,Steve McQueen
537,0001258,James Garner
538,0000277,Richard Attenborough
539,0000983,Albert Brooks
540,0001122,Ellen DeGeneres
541,1071252,Alexander Gould
542,0477553,Machiko Kyô
543,0605270,Masayuki Mori
544,0000843,Anne Bancroft
545,0047962,Chieko Baishô
546,0454120,Takuya Kimura
547,0309107,Tatsuya Gashûin
548,0001159,Faye Dunaway
549,0350453,Jake Gyllenhaal
550,0205626,Viola Davis
551,0001537,Ray Milland
552,0191950,Robert Cummings
553,0000022,Clark Gable
554,0000046,Vivien Leigh
555,0593775,Thomas Mitchell
556,0915989,Hugo Weaving
557,0001291,Rupert Graves
558,0002076,Jason Flemyng
559,0002077,Dexter Fletcher
560,0602941,Nick Moran
561,0201857,Ricardo Darín
562,0897845,Soledad Villamil
563,0706567,Pablo Rago
564,0001550,Cathy Moriarty
565,0688132,Amy Poehler
566,0352778,Bill Hader
567,0085400,Lewis Black
568,0000531,Frances McDormand
569,0000437,Woody Harrelson
570,0005377,Sam Rockwell
571,0000191,Ewan McGregor
572,0001971,Ewen Bremner
573,0001538,Jonny Lee Miller
574,0370144,Jack Hawkins
575,4043618,Tom Holland
576,3918035,Zendaya
577,1212722,Benedict Cumberbatch
578,0000513,William H. Macy
579,0000114,Steve Buscemi
580,4947538,Minami Hamabe
581,2747232,Sakura Ando
582,0000560,Nick Nolte
583,0249291,Joel Edgerton
584,0005403,Jason Schwartzman
585,0429069,Rashida Jones
586,0000686,Christopher Walken
587,3057402,Bee Vang
588,1542291,Christopher Carley
589,0847054,Hitoshi Takagi
590,0383022,Noriko Hidaka
591,0757076,Chika Sakamoto
592,0005476,Hilary Swank
593,0705356,Daniel Radcliffe
594,0914612,Emma Watson
595,0342488,Rupert Grint
596,0619870,Mohammad Amir Naji
597,0268488,Amir Farrokh Hashemian
598,0781245,Bahare Seddiqi
599,0000442,Rutger Hauer
600,0000707,Sean Young
601,0252230,Chiwetel Ejiofor
602,0931324,Michael Kenneth Williams
603,1055413,Michael Fassbender
604,0000160,Ethan Hawke
605,0000365,Julie Delpy
606,0248600,Andrea Eckert
607,0023832,Mathieu Amalric
608,0000032,Charlton Heston
609,0000963,Stephen Boyd
610,0641939,Ryan O'Neal
611,0001943,Marisa Berenson
612,0683253,Rosamund Pike
613,0000439,Neil Patrick Harris
614,0841501,Mack Swain
615,0615306,Tom Murray
616,1940449,Andrew Garfield
617,0941777,Sam Worthington
618,3478396,Luke Bracey
619,0000592,Pete Postlethwaite
620,0188949,Alison Crosbie
621,1235292,Kim Sang-kyung
622,1323287,Kim Roe-ha
623,0001500,Karl Malden
624,0533045,Marion Mack
625,0147070,Glen Cavender
626,0001030,John Cazale
627,0000494,Robert Sean Leonard
628,0334882,Darío Grandinetti
629,0555404,María Marull
630,0897640,Mónica Villa
631,0000234,Charlize Theron
632,0396558,Nicholas Hoult
633,0803705,Victor Sjöström
634,0000761,Bibi Andersson
635,0862026,Ingrid Thulin
636,0570230,Kathryn McGuire
637,0444172,Joe Keaton
638,0885098,Alida Valli
639,0598971,Yves Montand
640,0889024,Charles Vanel
641,0886870,Peter van Eyck
642,0000345,Billy Crystal
643,0000422,John Goodman
644,0316701,Mary Gibbs
645,0001702,Roy Scheider
646,0000377,Richard Dreyfuss
647,0059431,Jay Baruchel
648,0124930,Gerard Butler
649,2395586,Christopher Mintz-Plasse
650,0000795,Jean Arthur
651,0001647,Claude Rains
652,0000450,Philip Seymour Hoffman
653,0051509,Eric Bana
654,1256532,Jon Bernthal
655,0004951,Brad Garrett
656,0738918,Lou Romano
657,0652663,Patton Oswalt
658,0001884,Max von Sydow
659,0085038,Gunnar Björnstrand
660,0252345,Bengt Ekerot
661,0488953,Brie Larson
662,5016878,Jacob Tremblay
663,0108703,Sean Bridgers
664,0000313,Jeff Bridges
665,0000194,Julianne Moore
666,0753479,Chishû Ryû
667,0383261,Chieko Higashiyama
668,0945522,Sô Yamamura
669,0000230,Sylvester Stallone
670,0001735,Talia Shire
671,0949350,Burt Young
672,0000332,Don Cheadle
673,0645683,Sophie Okonedo
674,0001772,Patrick Stewart
675,6748436,Dafne Keen
676,0000474,Michael Keaton
677,1046097,Rachel McAdams
678,0000221,Charlie Sheen
679,0000297,Tom Berenger
680,0266029,Maria Falconetti
681,0798564,Eugene Silvain
682,0075551,André Berley
683,1421814,Suriya
684,7934649,Lijo Mol Jose
685,8904193,Manikandan K.
686,0229943,Vernon Dobtcheff
687,0001485,Myrna Loy
688,0000763,Dana Andrews
689,0545298,Fredric March
690,0001993,Vincent Cassel
691,0468003,Hubert Koundé
692,0846548,Saïd Taghmaoui
693,0117709,Daniel Brühl
694,1312575,Olivia Wilde
695,0002075,Peter Finch
696,0000304,Linda Blair
697,0000696,Wil Wheaton
698,0000203,River Phoenix
699,0000397,Corey Feldman
700,0000136,Johnny Depp
701,0001691,Geoffrey Rush
702,0000023,Judy Garland
703,0604656,Frank Morgan
704,0001961,Ray Bolger
705,0005266,Craig T. Nelson
706,0000456,Holly Hunter
707,0386472,Emile Hirsch
708,0000681,Vince Vaughn
709,0001416,Catherine Keener
710,0000152,Richard Gere
711,0000260,Joan Allen
712,0846480,Cary-Hiroyuki Tagawa
713,1195119,Kim Min-hee
714,1978402,Ha Jung-woo
715,2437361,Cho Jin-woong
716,0001479,Carole Lombard
717,0000912,Jack Benny
718,0821041,Robert Stack
719,1002038,Çetin Tekindor
720,0476334,Fikret Kuskan
721,0406157,Hümeyra
722,0002034,Jane Darwell
723,0001017,John Carradine
724,0352835,Brahim Hadjadj
725,0552483,Jean Martin
726,0754272,Yacef Saadi
727,0000195,Bill Murray
728,0000510,Andie MacDowell
729,0254402,Chris Elliott
730,0000267,Julie Andrews
731,0001626,Christopher Plummer
732,0662223,Eleanor Parker
733,0248408,Emilio Echevarría
734,0865949,Goya Toledo
735,0000059,Laurence Olivier
736,0000021,Joan Fontaine
737,0001421,George Kennedy
738,0001510,Strother Martin
739,0547349,Eli Marienthal
740,0001065,Harry Connick Jr.
741,0000098,Jennifer Aniston
742,0818055,Octavia Spencer
743,0001055,Claudette Colbert
744,0175369,Walter Connolly
745,0529543,Jean-Pierre Léaud
746,0753716,Albert Rémy
747,0561158,Claire Maurier
748,0222426,Ajay Devgn
749,1328152,Shriya Saran
750,0007102,Tabu
751,0918334,Scott Weinger
752,0488306,Linda Larkin
753,0000175,Stephen King
754,0701374,Mario Puzo
755,0634300,Jonathan Nolan
756,0275286,David S. Goyer
757,0741627,Reginald Rose
758,0447745,Thomas Keneally
759,0001873,Steven Zaillian
760,0866058,J.R.R. Tolkien
761,0909638,Fran Walsh
762,0101991,Philippa Boyens
763,0000812,Roger Avary
764,0898812,Luciano Vincenzoni
765,0408488,Agenore Incrocci
766,0343165,Winston Groom
767,0744839,Eric Roth
768,0657333,Chuck Palahniuk
769,0880243,Jim Uhls
770,0102824,Leigh Brackett
771,0001410,Lawrence Kasdan
772,0683380,Nicholas Pileggi
773,0369142,Lawrence Hauben
774,0325743,Bo Goldman
775,0450181,Ken Kesey
776,0001825,Andrew Kevin Walker
777,0329304,Frances Goodrich
778,0352443,Albert Hackett
779,0368074,Shinobu Hashimoto
780,0644823,Hideo Oguni
781,0365383,Thomas Harris
782,0848217,Ted Tally
783,0734441,Robert Rodat
784,0513130,Paulo Lins
785,1130251,Bráulio Mantovani
786,0148437,Vincenzo Cerami
787,0936537,William Wisher
788,0520488,Phil Lord
789,0588087,Christopher Miller
790,1709264,Dave Callaham
791,0301826,Bob Gale
792,0367838,Ronald Harwood
793,0844262,Wladyslaw Szpilman
794,8243301,Han Jin-won
795,0825010,Joseph Stefano
796,0088645,Robert Bloch
797,0291905,David Franzoni
798,0517589,John Logan
799,0629933,William Nicholson
800,0575293,Irene Mecchi
801,0731271,Jonathan Roberts
802,0941314,Linda Woolverton
803,1184258,William Monahan
804,0538320,Alan Mak
805,0159039,Felix Chong
806,0571346,David McKenna
807,1793993,Christopher Priest
808,0636435,Akiyuki Nosaka
809,0847668,Yasuhiko Takiguchi
810,0003160,Christopher McQuarrie
811,0258493,Julius J. Epstein
812,0258525,Philip G. Epstein
813,0462321,Howard Koch
814,4778840,Philippe Pozzo di Borgo
815,0660031,Vanna Paoli
816,0371088,John Michael Hayes
817,0941280,Cornell Woolrich
818,0006872,Sergio Donati
819,0000783,Dario Argento
820,0639321,Dan O'Bannon
821,0795953,Ronald Shusett
822,8402629,Jaskunwar Kohli
823,15090267,Anurag Pathak
824,0139714,Harry Carr
825,0188357,Harry Crocker
826,0587518,John Milius
827,0380282,Michael Herr
828,0714114,Jim Reardon
829,0442241,Philip Kaufman
830,0102818,Charles Brackett
831,0551261,D.M. Marshman Jr.
832,0932229,Calder Willingham
833,0860292,Jim Thompson
834,1321655,Christopher Markus
835,1321656,Stephen McFeely
836,0498278,Stan Lee
837,0424956,Diane Johnson
838,0002005,Agatha Christie
839,0475823,Harry Kurnitz
840,0318429,David Giler
841,0001353,Walter Hill
842,0050332,Alan Ball
843,0816143,Terry Southern
844,0313570,Peter George
845,1628380,Garon Tsuchiya
846,2057405,Nobuaki Minegishi
847,0441735,Jason Katz
848,0017690,Matthew Aldrich
849,0787323,Peter Shaffer
850,0537004,Zdenek Mahler
851,3284831,Kai Bird
852,2452558,Martin Sherwin
853,0118164,Lothar G. Buchheim
854,0908824,Randall Wallace
855,0798788,Scott Silver
856,0004170,Bob Kane
857,0301274,Neil Gaiman
858,1038805,Clark Cheng
859,0340580,Harry Grey
860,0073053,Leonardo Benvenuti
861,0207401,Piero De Bernardi
862,0430785,Abhijat Joshi
863,0452878,Ryûzô Kikushima
864,0386750,Eijirô Hisaita
865,0173679,Betty Comden
866,0337582,Adolph Green
867,2764802,Jihad Hojeily
868,9878616,Michelle Keserwany
869,0782968,Hubert Selby Jr.
870,0010696,Ales Adamovich
871,0442109,Charlie Kaufman
872,1410028,Pierre Bismuth
873,2105585,Tobias Lindholm
874,0002009,Arthur C. Clarke
875,0004122,Robert Bolt
876,0933858,Michael Wilson
877,0224634,I.A.L. Diamond
878,0542534,Herman J. Mankiewicz
879,0002144,John Houseman
880,0499626,Ernest Lehman
881,0902376,Thea von Harbou
882,0414825,Egon Jacobsohn
883,0178785,Alec Coppel
884,0853138,Samuel A. Taylor
885,0092267,Pierre Boileau
886,0151452,Raymond Chandler
887,0128906,James M. Cain
888,0001328,Howard Hawks
889,0372942,Ben Hecht
890,0491011,Guillaume Laurant
891,1110111,Tony McNamara
892,1206865,Alasdair Gray
893,1416431,Wajdi Mouawad
894,4034068,Valérie Beaugrand-Champagne
895,0368007,Gustav Hasford
896,0121256,Anthony Burgess
897,0497369,Harper Lee
898,0285210,Horton Foote
899,0911486,David S. Ward
900,0090151,Jeffrey Boam
901,0583675,Menno Meyjes
902,2375857,Ron Chernow
903,0861636,Roderick Thorp
904,0835732,Jeb Stuart
905,0211823,Steven E. de Souza
906,0953790,Cesare Zavattini
907,0059030,Luigi Bartolini
908,0080755,Oreste Biancoli
909,0255278,James Ellroy
910,0001338,Brian Helgeland
911,4880670,Krysty Wilson-Cairns
912,0001707,Paul Schrader
913,0251536,Bernd Eichinger
914,0275264,Joachim Fest
915,0432622,Traudl Junge
916,6328029,Piyush Gupta
917,6328031,Shreyas Jain
918,6328030,Nikhil Mehrotra
919,0607694,Fulvio Morsella
920,0858329,Robert Thoeren
921,1010540,Terence Winter
922,0067789,Jordan Belfort
923,0885014,Nick Vallelonga
924,0192942,Brian Hayes Currie
925,0358960,Christopher Hampton
926,0143596,Jim Cash
927,0258390,Jack Epps Jr.
928,0185976,Peter Craig
929,0650581,Mary Orr
930,0542631,Abby Mann
931,0001050,Montgomery Clift
932,0629272,Andrew Niccol
933,0801737,Upton Sinclair
934,0436164,Laeta Kalogridis
935,1212331,Dennis Lehane
936,0406836,Masato Ide
937,0000341,Michael Crichton
938,0462895,David Koepp
939,0672459,David Webb Peoples
940,0326040,Akiva Goldsman
941,0621586,Sylvia Nasar
942,0565092,Cormac McCarthy
943,0871252,B. Traven
944,0484111,Bill Lancaster
945,0132168,John W. Campbell Jr.
946,0108595,Paul Brickhill
947,0165412,James Clavell
948,0122446,W.R. Burnett
949,0721675,David Reynolds
950,0015611,Ryûnosuke Akutagawa
951,0212246,Christopher De Vore
952,0075015,Eric Bergren
953,1168510,Diana Wynne Jones
954,0001801,Robert Towne
955,3360706,Aaron Guzikowski
956,0461425,Frederick Knott
957,0593565,Margaret Mitchell
958,0397608,Sidney Howard
959,0308177,Oliver H.P. Garrett
960,2331222,David Lloyd
961,3160078,Eduardo Sacheri
962,0483766,Jake LaMotta
963,0141734,Joseph Carter
964,0678014,Peter Savage
965,0498834,Meg LeFauve
966,0920543,Irvine Welsh
967,0388076,John Hodge
968,0099541,Pierre Boulle
969,0286025,Carl Foreman
970,0571344,Chris McKenna
971,1273099,Erik Sommers
972,0393094,Ishirô Honda
973,0613609,Takeo Murata
974,3294574,Anthony Tambakis
975,0233561,Cliff Dorfman
976,2700235,Jim Mahoney
977,2082813,Zach Lewis
978,0007646,Frank Abagnale Jr.
979,1127221,Stan Redding
980,0622288,Jeff Nathanson
981,1010405,Nick Schenk
982,3164738,Dave Johannson
983,0353673,Paul Haggis
984,0101801,F.X. Toole
985,0460141,Steve Kloves
986,0746830,J.K. Rowling
987,0266684,Hampton Fancher
988,0001140,Philip K. Dick
989,0725983,John Ridley
990,1185849,Solomon Northup
991,0471811,Kim Krizan
992,0959003,Stefan Zweig
993,2450453,Hugo Guinness
994,0908753,Lew Wallace
995,0876562,Karl Tunberg
996,0000683,Gore Vidal
997,0856842,William Makepeace Thackeray
998,5058839,Gillian Flynn
999,0770938,Robert Schenkkan
1000,0460795,Andrew Knight
1001,0174840,Gerry Conlon
1002,1323286,Kwang-rim Kim
1003,1646563,Sung-bo Shim
1004,0775977,Budd Schulberg
1005,0425711,Malcolm Johnson
1006,0802563,Robert Siodmak
1007,0090213,Al Boasberg
1008,0913346,Deric Washburn
1009,0307311,Louis Garfinkle
1010,0776114,Tom Schulman
1011,2265326,Julian Loyola
1012,1238855,Germán Servidio
1013,0565068,Brendan McCarthy
1014,0490147,Nick Lathouris
1015,0369841,Jean C. Havez
1016,0593477,Joseph A. Mitchell
1017,0001294,Graham Greene
1018,0466099,Alexander Korda
1019,1064118,Georges Arnaud
1020,0350823,Jérôme Géronimi
1021,0191717,Jill Culton
1022,0682066,Jeff Pidgeon
1023,0001940,Peter Benchley
1024,0331956,Carl Gottlieb
1025,0204030,William Davies
1026,0118227,Sidney Buchman
1027,0287931,Lewis R. Foster
1028,0175333,Myles Connolly
1029,0125336,Jez Butterworth
1030,3890871,John-Henry Butterworth
1031,0445669,Jason Keller
1032,0135296,Jim Capobianco
1033,1480980,Emma Donoghue
1034,0633792,Kôgo Noda
1035,0669311,Keir Pearson
1036,0291082,Scott Frank
1037,0338169,Michael Green
1038,1802857,Josh Singer
1039,0217865,Joseph Delteil
1040,0005036,Gale Anne Hurd
1041,13222819,Rajendra Sapre
1042,0792845,Robert E. Sherwood
1043,0437969,MacKinlay Kantor
1044,0604948,Peter Morgan
1045,0154665,Paddy Chayefsky
1046,0087861,William Peter Blatty
1047,0317279,Raynold Gideon
1048,0262595,Bruce A. Evans
1049,0254645,Ted Elliott
1050,0744429,Terry Rossio
1051,0064181,Stuart Beattie
1052,0486538,Noel Langley
1053,0753249,Florence Ryerson
1054,0941138,Edgar Allan Woolf
1055,1040556,Jon Krakauer
1056,2124742,Stephen P. Lindsey
1057,0793881,Kaneto Shindô
1058,1258797,Sarah Waters
1059,1941029,Chung Seo-kyung
1060,0501872,Melchior Lengyel
1061,0562372,Edwin Justus Mayer
1062,0425913,Nunnally Johnson
1063,0825705,John Steinbeck
1064,0758357,Franco Solinas
1065,0748035,Danny Rubin
1066,0403346,Georg Hurdalek
1067,0512231,Howard Lindsay
1068,0189496,Russel Crouse
1069,0037247,Guillermo Arriaga
1070,0238898,Daphne Du Maurier
1071,0365661,Joan Harrison
1072,0668914,Donn Pearce
1073,0682757,Frank Pierson
1074,0237543,Hal Dresner
1075,0564827,Tim McCanlies
1076,0400954,Ted Hughes
1077,3543826,Kathryn Stockett
1078,0728307,Robert Riskin
1079,0011343,Samuel Hopkins Adams
1080,0610115,Marcel Moussy
1081,2572228,Jeethu Joseph
1082,3179723,Upendra Sidhaye
